exe,type
._cache_小红点,人机校验作弊进程
音频助手,音频录制AI互动进程
比特浏览器,浏览器进程
极速浏览器,浏览器进程
智能浏览器,浏览器进程
哔哩哔哩,浏览器进程
5EClient,游戏进程
5funGameHallWeb,游戏进程
7FGame,游戏进程
AiPlayer,视频播放器进程
AirPlayer,手机投屏进程
AirplayReceiver,手机投屏进程
AIVideo,视频播放器进程
AivmVboxHeadless,安卓模拟器
AndroidEmulator,安卓模拟器
AnLink,手机投屏进程
aow_exe,游戏进程
APlayer,视频播放器进程
ApowerMirror,手机投屏进程
Back Fire,游戏进程
BaiduNetdiskRender,视频播放器进程
BaofengPlatform,视频播放器进程
bililive_browser,视频播放器进程
ZhileBrowser,浏览器进程
BlackCipher.aes,游戏进程
BlueStacksAppplayerWeb,安卓模拟器
BNSR,游戏进程
BoxRenderer,视频播放器进程
Breakout 13,游戏进程
You123,浏览器进程
cahx-win,游戏进程
cbox,视频播放器进程
CCLive5,视频播放器进程
CCStockFish-bmi2,游戏进程
cef_frame_render,游戏进程
CFHD-The10thZone,游戏进程
ChbgGuard2,游戏进程
ChessShark,游戏进程
chiaki,串流作弊进程
ChongPlay,视频播放器进程
xBrowserEx,浏览器进程
WXWorkWeb,浏览器进程
client_2024,游戏进程
cngame,游戏进程
cod.exe,游戏进程
CODM,游戏进程
ConSim,游戏进程
crossfire,游戏进程
cs2.exe,游戏进程
cstrike-online,游戏进程
cyclone-nn-avx2,游戏进程
danmu,弹幕爬取进程
DaysGone,游戏进程
DNF.exe,游戏进程
DNFM.exe,游戏进程
dnplayer,安卓模拟器
DoomSweeper,游戏进程
dota2,游戏进程
DouWan,手机投屏进程
dragonnest_x64,游戏进程
DRG Survivor,游戏进程
dwrg,游戏进程
DyAutomatic_v,人机校验作弊进程
DYChannelClient,视频播放器进程
DyWebClient,视频播放器进程
dy协议插件,串流作弊进程
EasyDarwin,串流作弊进程
eldenring,游戏进程
elementclient64,游戏进程
elementclient_64,游戏进程
enlisted,游戏进程
EpicGamesLauncher,游戏进程
EscapeFromTarkov,游戏进程
eurotrucks2,游戏进程
WebBrowser,浏览器进程
ExecPubg,游戏进程
UCBrowser,浏览器进程
FameAndWealth,游戏进程
TSBrowser,浏览器进程
Thorium,浏览器进程
Fhoe-Rail,游戏进程
Fiddler,串流作弊进程
FIFA23,游戏进程
tgp_browser,浏览器进程
Firestone,游戏进程
ForzaHorizon5,游戏进程
FreeStyle,游戏进程
GacCoreLoader,游戏进程
GacRunner,游戏进程
game.exe,游戏进程
Game_Win,游戏进程
Game_x64r,游戏进程
GameApp,游戏进程
SuperBrowser,浏览器进程
gamemd-spawn,游戏进程
GameOverlayUI,游戏进程
GeePlayer,视频播放器进程
GenshinImpact,游戏进程
Give It Up! Plus,游戏进程
GMTool,游戏外挂作弊
SogouExplorer,浏览器进程
hallclient,游戏进程
HD_geeplayer,视频播放器进程
HD_自动推流,串流作弊进程
Hearthstone,游戏进程
HellWedding,游戏进程
HerosLand,游戏进程
SLBrowser,浏览器进程
SGWebRender,浏览器进程
hl.exe,游戏进程
HLDDZ3D,游戏进程
quark,浏览器进程
Human.exe,游戏进程
QQ浏览器,浏览器进程
huyaplayerModule,视频播放器进程
HyClient,视频播放器进程
i4AirPlayer,手机投屏进程
i4Tools,手机投屏进程
QQSpeedChatBrowser,浏览器进程
igwgame,游戏进程
JX3ClientX64,游戏进程
JZPhoneMirror,手机投屏进程
KartRider,游戏进程
KO自动推流助手,串流作弊进程
kuaiTool-starRail,游戏进程
Last Epoch,游戏进程
Ld9BoxHeadless,安卓模拟器
LdBoxHeadless,安卓模拟器
LdVBoxHeadless,安卓模拟器
League of Legends,游戏进程
LeagueClient,游戏进程
lifeafter,游戏进程
livecast,串流作弊进程
livekwai,视频播放器进程
livetool,弹幕爬取进程
LootHoarder,游戏进程
LOSTARK,游戏进程
Luobo,游戏进程
lyGame,游戏进程
mahjong,游戏进程
mamep,游戏进程
MapleHelper,游戏进程
MapleStory,游戏进程
MEmuHeadless,安卓模拟器
Meteor.exe,游戏进程
mgtv,视频播放器进程
mhmain,游戏进程
mhrender,游戏进程
mianbei,弹幕爬取进程
Microsoft.Media.Player,视频播放器进程
MiGuApp,视频播放器进程
QQLiveBrowser,浏览器进程
minigameapp,游戏进程
MiniOBS,串流作弊进程
MirMobile,游戏进程
MonitorSvr,串流作弊进程
MouseClick,自动操作脚本
MouseRec,自动操作脚本
mpc-hc64,视频播放器进程
qmbrowser,浏览器进程
MudRunner.190322.LAAPatched,游戏进程
MuMuPlayer,安卓模拟器
MuMuVMMHeadless,安卓模拟器
MyGame_x64r,游戏进程
NarakaBladepoint,游戏进程
NBA2K23,游戏进程
NBA2KOL2,游戏进程
NeacClient,游戏进程
nebula,游戏进程
NemuHeadless,安卓模拟器
NemuPlayer,安卓模拟器
NetSpeedGuardTip,游戏进程
NewGreedland,游戏进程
Nordic Ashes,游戏进程
NoxVMHandle,安卓模拟器
nshm,游戏进程
NSHNeacClient,游戏进程
QBrowser,浏览器进程
ONLY CLIMB整蛊,弹幕爬取进程
ONLY CLIMB主播整蛊器,弹幕爬取进程
onlyclimbtogether,游戏进程
onmyoji,游戏进程
Overwatch,游戏进程
PalServer-Win64-Test-Cmd,游戏进程
PartyAnimals,游戏进程
pcsx2,游戏进程
PengfeiChess,游戏进程
pikafish-bmi2,游戏外挂作弊
PocketRPG,游戏进程
PotPlayer,视频播放器进程
Projection,手机投屏进程
qaxbrowser,浏览器进程
PvzFoils Reset,游戏进程
PVZWPF,游戏外挂作弊
QHMobileLink,手机投屏进程
Protect_2345Explorer,浏览器进程
qnyh,游戏进程
obs-browser-page,浏览器进程
QQChess,游戏进程
QQChess2021,游戏进程
qqgame,游戏进程
QQLive,视频播放器进程
msedge,浏览器进程
QQPlayer,视频播放器进程
QQSG,游戏进程
QQSpeed_loader,游戏进程
QQSpeedCefProcess,游戏进程
minibrowser,浏览器进程
qqx51_game,游戏进程
QQYXS,游戏进程
QtScrcpy,手机投屏进程
MaodouBrowser,浏览器进程
QyClient,视频播放器进程
QyGameClient,游戏进程
QyPlayer,视频播放器进程
RDR2,游戏进程
recorder,游戏进程
Red Alert,游戏进程
rf4_x64,游戏进程
RiotClientServices,游戏进程
RoadRedemption,游戏进程
Run!ZombieFoods!,游戏进程
Runner.exe,自动操作脚本
s36Hy34C,弹幕爬取进程
S3Client,游戏进程
SceneCefBrowser,游戏进程
SeasunGame,游戏进程
sekiro,游戏进程
Seria,游戏进程
SEWanClt,串流作弊进程
iexplore,浏览器进程
shediao,游戏进程
Shipping.exe,游戏进程
ShooterGame,游戏进程
SHPlayer,视频播放器进程
SimpleRemote,串流作弊进程
sinsam,串流作弊进程
SinSam.Device.Monitor,串流作弊进程
SinSam.WebView.WV2.Process,串流作弊进程
HuyaClient,浏览器进程
hubstudio,浏览器进程
SonsOfTheForest,游戏进程
SpeedBall,游戏进程
SSKAssit,手机投屏进程
StarCraft,游戏进程
StarRail,游戏进程
StellarPlayer,视频播放器进程
StormPlayer,视频播放器进程
StreetFighter6,游戏进程
SwiftMirror,游戏外挂作弊
TCGame,手机投屏进程
tcls_core,游戏进程
TGame,游戏进程
HuaweiBrowser,浏览器进程
tgp_daemon,游戏进程
The King Of Fighters Wing EX,游戏进程
TheIsleClient-Win64-Shipping,游戏进程
TheLongDrive,游戏进程
tinytask,自动操作脚本
TKLobby,游戏进程
HighSpeedBrowser,浏览器进程
TslGame,游戏进程
tty3d,游戏进程
UAGame,游戏进程
heyboxbrowser,浏览器进程
VDPlayer,视频播放器进程
VideoViewer,视频播放器进程
VirtuaNES,安卓模拟器
vlc,视频播放器进程
vMix64,串流作弊进程
vncviewer,串流作弊进程
War3,游戏进程
Warcraft III,游戏进程
WarcraftIII,游戏进程
WeBuff,游戏外挂作弊
WeChatPlayer,视频播放器进程
wegame,游戏进程
Wireshark,串流作弊进程
wmplayer,视频播放器进程
WorldOfTanks,游戏进程
WorldOfWarships64,游戏进程
wow.exe,游戏进程
WowClassic,游戏进程
GptBrowser,浏览器进程
xcom.exe,游戏进程
xcomw.exe,游戏进程
XD-Yun,游戏外挂作弊
xfplay,视频播放器进程
xmp.exe,视频播放器进程
Xmp.exe,视频播放器进程
xy2_launch,游戏进程
xy2_tab,游戏进程
xy2_we,游戏进程
xy2n_test,游戏进程
Yet Another Zombie Survivors,游戏进程
ylm.exe,弹幕爬取进程
YOUKU,视频播放器进程
YoukuNplayer,视频播放器进程
ysczg,游戏进程
YuanShen,游戏进程
yuerlive,串流作弊进程
YunGameBox,游戏进程
YXCoreClientP,游戏进程
YxhGamebox,游戏进程
YZKOF,游戏进程
按键精灵,自动操作脚本
阿比整蛊,弹幕爬取进程
伴侣过验证,人机校验作弊进程
GeminiBrowser,浏览器进程
播放器,视频播放器进程
播个够直播助手,人机校验作弊进程
畅播AI弹幕助手,弹幕爬取进程
畅播滑块v,人机校验作弊进程
超级消除王,自动操作脚本
查尔斯小火车高清修改器,游戏外挂作弊
窜天猴AI助播,音频录制AI互动进程
大话迷失·【全网独家】·第七季Ⅰ·除魔篇,游戏外挂作弊
大话西游,游戏进程
定制版,自动操作脚本
抖音5.,人机校验作弊进程
抖音812最新版,人机校验作弊进程
抖音_5.,人机校验作弊进程
抖音滑盖验证,人机校验作弊进程
抖音滑块,人机校验作弊进程
抖音推流码助手,串流作弊进程
抖音验证,人机校验作弊进程
抖音游戏直播礼物互动,弹幕爬取进程
多图形自动滑块,人机校验作弊进程
反转21克,游戏进程
非注入正式版v,游戏进程
淦核,自动操作脚本
红豆,人机校验作弊进程
滑块测试,人机校验作弊进程
滑块截图测试,人机校验作弊进程
滑块验证,人机校验作弊进程
华盟科技-自动滑块验证,人机校验作弊进程
互动直播助手,弹幕爬取进程
键鼠自动化,自动操作脚本
晶核：魔导觉醒,游戏进程
指尖互游数据台v,弹幕爬取进程
看图猜成语,自动操作脚本
口香糖,人机校验作弊进程
老鱼通用免费版,游戏外挂作弊
雷电模拟器,安卓模拟器
连线器,自动操作脚本
鹿播音频播放器,视频播放器进程
迷宫大挑战.exe,游戏进程
迷宫大挑战140关自动,自动操作脚本
木鱼网络,弹幕爬取进程
七日世界,游戏进程
拳皇WingEX,游戏进程
全自动滑块原版,人机校验作弊进程
三国战纪一统中原青版,游戏进程
鲨鱼象棋,游戏进程
石器时代：觉醒,游戏进程
鼠标精灵,自动操作脚本
数据台,弹幕爬取进程
听云抖音打印助手,弹幕爬取进程
听云整蛊,弹幕爬取进程
听云直播助手,弹幕爬取进程
听云植物大战僵尸.exe,弹幕爬取进程
听云植物大战僵尸修改器,游戏外挂作弊
推流码获取,串流作弊进程
推兔,串流作弊进程
悟空神辅II,游戏外挂作弊
无畏契约登录器,游戏进程
开播助手,串流作弊进程
小红点,人机校验作弊进程
小黄鸭,人机校验作弊进程
星辰科技1.,人机校验作弊进程
星辰科技-精简版,音频录制AI互动进程
星辰科技-精简版,人机校验作弊进程
星辰科技-成语接龙,自动操作脚本
星辰科技-麻将系列,自动操作脚本
星途互娱弹幕助手,弹幕爬取进程
新滑块验证v,人机校验作弊进程
西瓜视频,视频播放器进程
炫艺秀抖音推流助手,串流作弊进程
烟花滑块v,人机校验作弊进程
硬改系统唯一版本,游戏外挂作弊
异地模型软件,游戏外挂作弊
游戏采集工具,手机投屏进程
游戏小助手过检测,人机校验作弊进程
云顶AI直播助手,音频录制AI互动进程
娱乐助手Pro,弹幕爬取进程
雨兮改火影版启动程序,弹幕爬取进程
整蛊插件,弹幕爬取进程
智播验证助手,人机校验作弊进程
智慧岛AI智能抖音点歌版,弹幕爬取进程
植物大战僵尸高级版,弹幕爬取进程
自动答谢机器人,音频录制AI互动进程
自动点击,自动操作脚本
自动滑块 ,人机校验作弊进程
自动验证软件,人机校验作弊进程
综合直播助手,弹幕爬取进程
走位整蛊,弹幕爬取进程
【幽梦魔兽】嗨玩-福利版,游戏进程
棋者象棋,游戏进程
弹幕工具,弹幕爬取进程
【软件】关闭杀毒软件和自带杀毒后启动我,音频录制AI互动进程
YKPlayer,音频录制AI互动进程
GameChrome,浏览器进程
边境传说,游戏进程
怀旧 十二月取色宏,游戏外挂作弊
快手无脑奔放播放器,视频播放器进程
Sneak Out,游戏进程
ffplay,视频播放器进程
ONCE_HUMAN,游戏进程
PVZHybrid_Edito,游戏进程
PumpkinPlayer,视频播放器进程
弹窗验证,人机校验作弊进程
mengbozhushou,音频录制AI互动进程
直播辅助工具PC,视频播放器进程
iMouseSrv,自动操作脚本
播放器4代,视频播放器进程
球球大作战,游戏进程
Dead or Alive 5,游戏进程
java.exe,游戏进程
Ai低频互动助手,音频录制AI互动进程
弹窗拦截,人机校验作弊进程
OPPW4,游戏进程
so2game,游戏进程
NSUNSC,游戏进程
JW3免费小助手,游戏外挂作弊
qulK.exe,视频播放器进程
易元素AI直播助手,音频录制AI互动进程
shubiao,自动操作脚本
AlanWake2,游戏进程
HorizonForbiddenWest,游戏进程
FSRealistic,游戏进程
HuyaFX.WebView,视频播放器进程
zhenggu,弹幕爬取进程
右键管理员身份打开,人机校验作弊进程
东东不死传说,游戏进程
FlightSimulator,游戏进程
WWE2K,游戏进程
语音滑块,人机校验作弊进程
俄罗斯方块,自动操作脚本
LiveDance,弹幕爬取进程
KanColleViewer,游戏进程
Crysis2Remastered,游戏进程
katago,游戏外挂作弊
文字找不同,自动操作脚本
NarutoOL,游戏进程
Crysis3Remastered,游戏进程
360LittleGame,游戏进程
ReXueDaTang,游戏进程
Sons Of The Forest,游戏进程
听云植物大战僵尸杂交版修改器,游戏外挂作弊
CustomizedGirlfriend,游戏进程
自动通过,人机校验作弊进程
SCHiM,游戏进程
firefox,浏览器进程
100 Aliens Cats,游戏进程
CF异地模型程序,游戏外挂作弊
MUGEN全自动战斗,自动操作脚本
文字找茬,自动操作脚本
mugen破解版,自动操作脚本
JREAST_TrainSimulator,游戏进程
Microsoft.Photos,视频播放器进程
AndroidEmulator,安卓模拟器
VideoPlayer,视频播放器进程
Emberward,游戏进程
UnityWndClass:Game,游戏进程
RECentral,游戏进程
LuckyHunter,游戏进程
s2_sp64_ship,游戏进程
captureCard,游戏进程
fhbemb,浏览器进程
小牛助手公益版(1),手机投屏进程
语音验证,人机校验作弊进程
DBXV2,游戏进程
AI配音专家,音频录制AI互动进程
SuperPlayer,视频播放器进程
dy-dmhd,弹幕爬取进程
DM播放器,视频播放器进程
语音滑块双验证,人机校验作弊进程
专用播放器,视频播放器进程
日不落AI直播系统,音频录制AI互动进程
TXWQ,游戏进程
弹幕互动,弹幕爬取进程
验证语音,人机校验作弊进程
urban reign online,游戏进程
._cache_启动我,游戏外挂作弊
KOF 2002,游戏进程
Ace7Game,游戏进程
Contraff,游戏进程
AOT2_AS,游戏进程
DoubleDragonShatter,游戏进程
KOF2002,游戏进程
无人直播机器人,音频录制AI互动进程
变形奔跑,自动操作脚本
wormhole,手机投屏进程
爱思投屏助手-苹果无线,手机投屏进程
javaw.exe,游戏进程
BlackMythWukongTrainer-1,游戏进程
素材启动,人机校验作弊进程
._cache_易播(话术模式),音频录制AI互动进程
ACGPlayerUWP,视频播放器进程
srw30,游戏进程
Knightfall,游戏进程
Back To The Dawn,游戏进程
Bf_Client,游戏进程
AngryBirds,游戏进程
BH2002,游戏进程
Cats Hidden in Paris,游戏进程
BH2.exe,游戏进程
武士.exe,游戏进程
sdlpal,游戏进程
._cache_滑块二合一已加固,人机校验作弊进程
VisualBoyAdvance(CN),游戏进程
tts,音频录制AI互动进程
雷电游戏,游戏进程
黑神话悟空修改器,游戏外挂作弊
念念WA智能一键宏,游戏外挂作弊
ContraOG,游戏进程
众合直播助手（防封版）,自动操作脚本
StillWakesTheDeep,游戏进程
TheInvisibleGuardian,游戏进程
BlazblueEntropyEffect,游戏进程
VampireSurvivors,游戏进程
新起源,游戏进程
极速开播伴侣版,串流作弊进程
wplayer,视频播放器进程
ilostmyjob,游戏进程
【绝区零】自动兑换,游戏外挂作弊
project_speed,游戏进程
吉吉岛,游戏进程
RainbowSix,游戏进程
滑块认证,人机校验作弊进程
MilesMorales,游戏进程
Lucky Tower Ultimate,游戏进程
无忧脱机,游戏外挂作弊
语音助手,音频录制AI互动进程
拔了个罐换装,游戏进程
CatGodRanch,游戏进程
抖音_语音版,人机校验作弊进程
re7.exe,游戏进程
SPlayer,视频播放器进程
语音图形滑块,人机校验作弊进程
God of War Ragnarok v1.0 Plus 26 Trainer,游戏外挂作弊
Celeste,游戏进程
飞音,人机校验作弊进程
GM2qgnNR,游戏外挂作弊
抖音_语言滑块,人机校验作弊进程
mty_huakuai,人机校验作弊进程
CrimeCleaner,游戏进程
Black Myth Wukong v1.0 Plus 35 Trainer,游戏外挂作弊
NBA2K25,游戏进程
Obsession,游戏进程
明曦微端(Pro版),游戏进程
魔方验证,人机校验作弊进程
抖音_滑块,人机校验作弊进程
FCBrowser,浏览器进程
吹气小游戏,弹幕爬取进程
seiya,游戏进程
11管理员模式打开我不要关闭,人机校验作弊进程
启动我qvmp,人机校验作弊进程
钛文创v,视频播放器进程
OnlyYou,游戏进程
老秋弹幕插件,弹幕爬取进程
带字幕播放器,视频播放器进程
Resident Evil 5 Gold Edition Update 1 Trainer +7 MrAntiFun,游戏外挂作弊
b1-Win64-Shipping,游戏进程
audioAI,音频录制AI互动进程
QQSandaha,游戏进程
pvz-soft-helper,游戏外挂作弊
SSSS,游戏进程
恐惧之间,游戏进程
The Stalked,游戏进程
ge3.exe,游戏进程
播盾,音频录制AI互动进程
Beat Saber,游戏进程
7FK游戏(傲世无双),游戏进程
Epic Roller Coasters,游戏进程
HD_Breakout 13,游戏进程
Explorer,浏览器进程
sttranslking,游戏进程
黑悟空42项修改器,游戏外挂作弊
OhShape,游戏进程
Super Robot Wars 30 v1.0-v1.3 Plus 33 Trainer,游戏外挂作弊
ExChrome,浏览器进程
Shawarma Legend,游戏进程
GuiLongchao,游戏进程
ZenlessZoneZero,游戏进程
pvzHE-Launcher,游戏进程
AudioRobot,音频录制AI互动进程
DouyinRobot,音频录制AI互动进程
WhiteDay,游戏进程
xymain,游戏进程
CSOLauncher,游戏进程
推流管家,串流作弊进程
CODMCloud,游戏进程
PummelParty,游戏进程
GhostOfTsushima,游戏进程
minigameapp,游戏进程
popcapgame,游戏进程
Internet Cafe Simulator,游戏进程
Chromium,浏览器进程
AutoClick,自动操作脚本
OuterWilds,游戏进程
九城奇迹x64,游戏进程
坦克大战横冲直撞版,游戏进程
ShaYuXiangQi,游戏进程
witcher3,游戏进程
DealersLife2,游戏进程
RED过检测,人机校验作弊进程
AliceMadnessReturns,游戏进程
过检测V,人机校验作弊进程
cstrike15,游戏进程
NarutoVSZombies,游戏进程
StreamingTool,串流作弊进程
PES2019,游戏进程
CrazyBird,游戏进程
修改器,游戏外挂作弊
Dating Simulator,游戏进程
品游娱乐助手,弹幕爬取进程
QQFWRender,游戏进程
chrome,浏览器进程
cg_se_3000,游戏进程
SCUM_Launcher,游戏外挂作弊
Xiaoji,游戏进程
KeymouseGo,自动操作脚本
FormatPlayer,视频播放器进程
HouseFlipper,游戏进程
梦回比奇,游戏进程
Dungeons,游戏进程
BugChessNN,游戏进程
Warframe,游戏进程
Fallout4,游戏进程
SOTTR,游戏进程
BrowserWin,浏览器进程
Clothing Store Simulator,游戏进程
paopaolong,游戏进程
mpc-be,视频播放器进程
键盘鼠标录制,自动操作脚本
超时空星舰,游戏进程
武神 1.0,游戏进程
侠义天下,游戏进程
烽火连城,游戏进程
TheRoomTwo,游戏进程
Car For Sale Simulator,游戏进程
FarCry5,游戏进程
CyberManhunt2,游戏进程
KingdomTwoCrowns,游戏进程
brave.exe,浏览器进程
Valiant Hearts,游戏进程
F1_23,游戏进程
NieRAutomata,游戏进程
FreeChess,游戏进程
wotblitz,游戏进程
Sango2,游戏进程
Ryujinx,游戏进程
ContrabandPolice,游戏进程
ACOrigins,游戏进程
天谕手游模拟器,安卓模拟器
Spiritfarer,游戏进程
植物海克斯,游戏外挂作弊
FC2024,游戏进程
BlackOps,游戏进程
mb_warband,游戏进程
铁血奇迹,游戏进程
FCPrimal,游戏进程
DeadFrontier2,游戏进程
P5R.exe,游戏进程
HoopCity,游戏进程
JustCause4,游戏进程
Spider_Solitaire_Collection_Free,游戏进程
KingdomCome,游戏进程
For The King II,游戏进程
osu!,游戏进程
热血航线手游模拟器,安卓模拟器
EscapeFromTarkovArena,游戏进程
HorizonZeroDawn,游戏进程
BitBrowser,浏览器进程
全自动秒开道具,游戏外挂作弊
Poly Bridge 3,游戏进程
Meteor.exe,游戏进程
Wildmender_win64,游戏进程
SniperElite4,游戏进程
UltimateChickenHorse,游戏进程
RogueCompany,游戏进程
Give It Up! Plus,游戏进程
不祥之夜V5.0,游戏进程
CountDown,游戏进程
CounterStrikeOnline2,游戏进程
Mullet Mad Jack,游戏进程
DolitDrmPlayer,视频播放器进程
FlyFly,游戏进程
iRacingSim64DX11,游戏进程
抖音直播互动助手,弹幕爬取进程
TotallyAccurateBattleSimulator,游戏进程
360se,浏览器进程
escapefromschool,游戏进程
PlantVsZombie,游戏进程
Backrooms Descent,游戏进程
360Chrone,浏览器进程
畅播滑块v,人机校验作弊进程
礼物监控,弹幕爬取进程
antplayer,视频播放器进程
vsac25_Release,游戏进程
WatchDogsLegion,游戏进程
HeavyRain,游戏进程
AtelierResleriana,游戏进程
BloodyHeaven2,游戏进程
FatalMidnight,游戏进程
SuperliminalSteam,游戏进程
Agent17,游戏进程
BlackDesert64,游戏进程
Minesweeper,游戏进程
NeedForSpeedPayback,游戏进程
AngryBirds Defender,游戏进程
RocketLeague,游戏进程
CivilizationV_DX11,游戏进程
FIFA22,游戏进程
WRC10,游戏进程
Card Survival - Tropical Island,游戏进程
末日战姬,游戏进程
Diablo III64,游戏进程
Desperados III,游戏进程
DDZnew,游戏进程
觅长生,游戏进程
Prison Simulator,游戏进程
TheRoomThree,游戏进程
F1_2021_dx12,游戏进程
Darkest,游戏进程
Operation Tango,游戏进程
巴拉卡斯天堂,游戏进程
Noobs Want To Live,游戏进程
We Were Here Forever,游戏进程
Sandrock,游戏进程
360ChromeX.exe,浏览器进程
FIFA24,游戏进程
GTAProcess,游戏进程
ACValhalla,游戏进程
Snake Force,游戏进程
键鼠魔盒加载器,自动操作脚本
360chrome,浏览器进程
Pixel Gun 3D,游戏进程
pubg.exe,游戏进程
ChessShark2,游戏进程
Crashlands,游戏进程
Used Cars Simulator,游戏进程
Desperados III,游戏进程
winmine,游戏进程
AlienShooter,游戏进程
5KPlayer,视频播放器进程
KMPlayer,视频播放器进程
DungeonFighter,游戏进程
鼠标录制,自动操作脚本
DPPlayer,视频播放器进程
BirdPlayer,视频播放器进程
mediaplayer,视频播放器进程
WuXia_Client_dx12,游戏进程
键盘连点器,自动操作脚本
Three_Kingdoms,游戏进程
ccplayer,视频播放器进程
tmplayer,视频播放器进程
CCLivePlayer,视频播放器进程
mp4player,视频播放器进程
MvBoxPlayer,视频播放器进程
HiPlayer,视频播放器进程
QQLivePlayer,视频播放器进程
WmWallpaperVideoPlayer,视频播放器进程
夜雨按键,自动操作脚本
按键魔盒录制工具,自动操作脚本
智能键鼠盒子,自动操作脚本
Mouse Click,自动操作脚本
MouseClickTool,自动操作脚本
ApowerMirror,手机投屏进程
EscapefromTarkov,游戏进程
TL.exe,游戏进程
Minecraft.Windows,游戏进程
MonsterHunterWorld,游戏进程
dmmdzz,游戏进程
PassCapthca,人机校验作弊进程
proven_ground_client,游戏进程
ZenlessZoneZero,游戏进程
GacRunnerNG,游戏进程
dh2n,游戏进程
RiseClient,游戏进程
gamemd,游戏进程
PlantsVsZombies.exe,游戏进程
TheDivision2,游戏进程
Liar's Bar,游戏进程
Warhammer3,游戏进程
插件wh3,弹幕爬取进程
GoWR,游戏进程
LeagueClientUx,游戏进程
BlackDesert64_CN,游戏进程
theHunterCotW,游戏进程
dragonnest_reborn,游戏进程
ZXSJGame,游戏进程
抖音选图滑块三合一,人机校验作弊进程
天天直播伴侣版,串流作弊进程
Card Shop Simulator,游戏进程
MilkGame,游戏进程
CozyIsland,游戏进程
tym.exe,游戏进程
ROTTR,游戏进程
弹幕软件,弹幕爬取进程
Watcher of Realms,游戏进程
规则怪谈：盛崖小区,游戏进程
Zort Demo,游戏进程
冲冲冲-new,自动操作脚本
消了个消啊,自动操作脚本
sealapp.exe,游戏进程
dh2_tab_jyb,游戏进程
War3Lobby,游戏进程
hpjyhd,游戏进程
Platform.exe,游戏进程
HGame.gp,游戏进程
pcsx2(奥特曼),游戏进程
BehemothIsland,游戏进程
修魔世界,游戏进程
Black Myth Wukong v1.0-v1.0.9 Plus 44 Trainer,游戏外挂作弊
TheSpellBrigade,游戏进程
GameOfFate,游戏进程
Homicipher,游戏进程
MK11.exe,游戏进程
TheCrew2,游戏进程
启动.exe,弹幕爬取进程
万国自动播套装-AI版,自动操作脚本
家庭登录器,游戏进程
PlantsVsZombiesCUTEv,游戏进程
星际抖动AI自动播,自动操作脚本
这关你不行,自动操作脚本
苹果投屏录屏大师,手机投屏进程
傲软投屏直播窗口,手机投屏进程
VS009M1,手机投屏进程
AIGame1.exe,自动操作脚本
美女吹气2.exe,弹幕爬取进程
直播伴侣.exe,伴侣进程
obs64.exe,伴侣进程
obs32.exe,伴侣进程
yyobs.exe,伴侣进程
finderliveobs.exe,伴侣进程
pddobs64.exe,伴侣进程
PDD_liveobs.exe,伴侣进程
JX3ClientX3DX64,游戏进程
UEBS2.dll,弹幕爬取进程
NVIDIA Broadcast.exe,伴侣进程
Game.exe,游戏进程
FalloutNV,游戏进程
Fell in love with coser 2,游戏进程
LEmuHeadless,安卓模拟器
Ages of Conflict,游戏进程
utm.dll,弹幕爬取进程
iosWiredProjection,手机投屏进程
JianpianPlayer,视频播放器进程
KUHAIMI 4K60 Version,手机投屏进程
vivoScreen,手机投屏进程
Letsview,手机投屏进程
Elgato 4K X,手机投屏进程
VC-003 Video,手机投屏进程
fbas.exe,游戏进程
X-Zone.exe,游戏进程
Stardew Valley,游戏进程
ChuiQiCCC,弹幕爬取进程
群雄逐鹿竖板,弹幕爬取进程
FragPunk,游戏进程
百川滑块,人机校验作弊进程
星辰科技-解谜之王,自动操作脚本
熊猫精灵脚本助手,自动操作脚本
starcraft2,游戏进程
MayhemersDemo,游戏进程
star_escape,游戏进程
滑块语音,人机校验作弊进程
星辰科技-喵喵学院,自动操作脚本
GuardiansOfLight,游戏进程
hy_demon,弹幕爬取进程
Recording Sprite,自动操作脚本
AIyuyinbobao,音频录制AI互动进程
F1Manager24,游戏进程
M破天.exe,游戏进程
coin.exe,自动操作脚本
python13530,音频录制AI互动进程
和平精英高清模拟器,游戏进程
火影忍者6.0,弹幕爬取进程
AI.sp,音频录制AI互动进程
风筝微端,游戏进程
SnowRunner,游戏进程
Torchlight,游戏进程
Biped.exe,游戏进程
抖音三合一验证,人机校验作弊进程
鼠标键盘录制助手,自动操作脚本
星辰科技-成语,自动操作脚本
Rogue Legacy 2,游戏进程
capybara-cursor,自动操作脚本
F1_24,游戏进程
破解文件,自动操作脚本
GamingCenter,游戏进程
F1_24,游戏进程
age2_x1,游戏进程
乌龟对对碰,自动操作脚本
example-12,自动操作脚本
AutoTiny,自动操作脚本
interactive_game,游戏进程
Frostpunk,游戏进程
xstarter,游戏进程
YiRenZhiXia,游戏进程
CALLOFDRAGONS,游戏进程
Feed and Grow,游戏进程
Get To Work,弹幕爬取进程
TheGreatCircle,游戏进程
sp24-cod,游戏进程
MCS-T901,手机投屏进程
MCS 4K-T900,手机投屏进程
UHD Video 1,手机投屏进程
RelicCardinal,游戏进程
DREDGE,游戏进程
MiSideFull,游戏进程
tiny-glade,游戏进程
ff7remake,游戏进程
极简按键,自动操作脚本
MinionMasters,游戏进程
MyChildLebensborn,游戏进程
Behind the Frame,游戏进程
Bitwig Studio,游戏进程
Before Your Eyes,游戏进程
Shin chan Summer,游戏进程
KOF97,游戏进程
Back4Blood,游戏进程
coolpro2,游戏进程
NFS11,游戏进程
QQDragonRPG,游戏进程
MMOSimulator,游戏进程
InteractVideo,游戏进程
ZXSJBrowser,游戏进程
LetsGo.exe,游戏进程
python310,音频录制AI互动进程
libfftw3i-33.dll,人机校验作弊进程
功夫直播,自动操作脚本
杂交2.2腐竹,弹幕爬取进程
恋爱单选题,游戏进程
Graveyard Keeper,游戏进程
SiglusEngine,游戏进程
Behind.exe,游戏进程
小工具.exe,自动操作脚本
602qmhy,游戏进程
RDR.exe,游戏进程
ACMirage,游戏进程
kenshi_x64,游戏进程
Survivors Of The Dawn,游戏进程
MasterOfPottery,游戏进程
Nickelodeon All-Star Brawl,游戏进程
群雄逐鹿,弹幕爬取进程
Assetto Corsa,游戏进程
Sekiro Shadows,游戏进程
三国志 1,游戏进程
Sid Meiers Civilization.exe,游戏进程
NeonAbyss,游戏进程
AmnesiaTheBunker,游戏进程
StreetsOfRogue,游戏进程
JumpKing,游戏进程
MightyFinalFightRebirth,游戏进程
ChronoArk,游戏进程
FuryUnleashed,游戏进程
NINJA GAIDEN SIGMA2,游戏进程
PES202,游戏进程
KingOfFighters20,游戏进程
That's not my neighbor,游戏进程
EVE - O Preview,游戏进程
osu - kps - x64,游戏进程
CellToSingularity,游戏进程
StreetFighterV,游戏进程
Bayonetta,游戏进程
ForgottenFor_Demo,游戏进程
Ninja Gaiden 3 Razor's Edge,游戏进程
Warhammer,游戏进程
Ghost Trick,游戏进程
AirDefense,游戏进程
Final Fantasy,游戏进程
Clone Drone in the Danger Zone,游戏进程
SpaceClaim,游戏进程
老鱼专业版_20241120_x64,游戏进程
豪杰火龙 V2,游戏进程
EvilDeadTheGame,游戏进程
TheIsleTideHotel,游戏进程
SeraphLauncher,游戏进程
东方幻灵录,游戏进程
创客 AI,游戏进程
RealPool3,游戏进程
aion (賽季 beta1.0),游戏进程
GameOfFate2,游戏进程
SniperEliteV2,游戏进程
Nightlife,游戏进程
你好！我们还有场恋爱没谈,游戏进程
LoveStoryInTaiwanSummer,游戏进程
提子无悔.exe,弹幕爬取进程
ZhuLu.exe,弹幕爬取进程
Dragon Age The Veilguard,游戏进程
ChineseDating,游戏进程
红警.exe,游戏进程
js.dll,弹幕爬取进程
小毛驴1.,自动操作脚本
Spider-Man2,游戏进程
蚂蚁直播魔方,音频录制AI互动进程
ChineseDating,游戏进程
LimbusCompany,游戏进程
HD-Player,安卓模拟器
v326_401,私服进程
434_protected,私服进程
fyml,私服进程
xiaoyao.exe,私服进程
dq_ml,私服进程
三界西游,私服进程
326、4X1端285,私服进程
v58X_合集436_protected,私服进程
2024机器猫辅助V25,私服进程
3DFile.dll,私服进程
时光西游,私服进程
倒水冲冲冲瓶子,自动操作脚本
这里有梗,自动操作脚本
去旅行.exe,自动操作脚本
轮回诛仙,私服进程
安卓投屏,手机投屏进程
键鼠记录工具,自动操作脚本
键鼠点击器,自动操作脚本
键鼠工具,自动操作脚本
鼠标键盘录制助手,自动操作脚本
金字塔脑回路打结,自动操作脚本
mahjong.exe,自动操作脚本
再来亿把,自动操作脚本
GM工具,私服进程
文字遊戲.exe,游戏进程
键盘鼠标录制器,自动操作脚本
自动鼠标And按键,自动操作脚本
识图按键助手,自动操作脚本
鼠佬哥点击器,人机校验作弊进程
梦回长安,私服进程
鼠标点击器,自动操作脚本
自动JX,自动操作脚本
童心冒险岛,私服进程
定时点击器,自动操作脚本
情怀西游,私服进程
众神西游,私服进程
怀念西游,私服进程
找茬大湿怀旧版,自动操作脚本
无忧新版5,私服进程
日不落AI直播系统,音频录制AI互动进程
v326_401合集436,私服进程
凌云武林V1,私服进程
闪翼拳皇1.7无敌版,自动操作脚本
麻将接龙,自动操作脚本
xl_ml,私服进程
326、401端,私服进程
欢岁武林,私服进程
慧眼鼠键模拟器,自动操作脚本
猫咪专用.exe,私服进程
Online_TW过滤百开,私服进程
KeymouseGo,自动操作脚本
cy_ml,私服进程
脚本制作工具,自动操作脚本
互动直播助手,音频录制AI互动进程
智能语音助手,音频录制AI互动进程
Second Generation A3,私服进程
JZMouseClickLx,自动操作脚本
缘份天龙,私服进程
旧忆天堂,私服进程
初见天堂,私服进程
找出小区的伪人,自动操作脚本
梦幻西游时空,私服进程
小鹦鹉AI助播软件,音频录制AI互动进程
jxhome.dll,私服进程
星途互娱弹幕助手,音频录制AI互动进程
index.vmp,黑产进程
58x端,私服进程
起源奇迹x64,私服进程
天魔复古,私服进程
自动精灵,自动操作脚本
ra3ep1_1.0.game,游戏进程
诛神奇迹x64,私服进程
怀旧魔域,私服进程
瑞雪江湖,私服进程
觅长生,游戏进程
花雨书生端285,私服进程
小游戏后台,自动操作脚本
替换.exe,黑产进程
书生花语合集,私服进程
禁止更新.exe,黑产进程
zs禁止更新小工具.exe,黑产进程
伴侣拦截,黑产进程
防抖音自动更新.exe,黑产进程
伴侣_拦截,黑产进程
AI音咖,音频录制AI互动进程
2345Explorer,浏览器进程
onqxex,私服进程
私服,私服进程
._cache_禁止更新,黑产进程
chrome2,视频播放器进程
阻止伴侣更新工具,黑产进程
法医探案团之碎嘴小诗,游戏进程
云佳AI直播助手,音频录制AI互动进程
抖音直-多开,黑产进程
小音播放器,视频播放器进程
Login_Zhuiyi08,私服进程
GLWorld,游戏进程
Contra Nightmare 3.0,游戏进程
皓月冒险岛,私服进程
架空,弹幕爬取进程
nba2k14,游戏进程
fallcatlive,音频录制AI互动进程
DiDaMouse,自动操作脚本
FSUIPC7,游戏进程
SunItemDataP,私服进程
斑马怀旧,私服进程
Sizeable,游戏进程
QQ评估,音频录制AI互动进程
Underground,游戏进程
QMPlay2,视频播放器进程
Game_Min,私服进程
龙天堂2024,私服进程
藤跃直播助手,音频录制AI互动进程
MapEnhancement,游戏进程
Go Home Annie,游戏进程
GoldMiningSimulator,游戏进程
TheLostCrown,游戏进程
undergroundblossom,游戏进程
115chrome,浏览器进程
小红推流码获取工具,串流作弊进程
SlayTheSpire,游戏进程
NineSols,游戏进程
FurryFury,游戏进程
最强祖师,游戏进程
FarLoneSails,游戏进程
彩虹岛编辑器,私服进程
想你了石器,私服进程
云苍白青登录器,私服进程
大风车.exe,私服进程
JZMouseKeyboardSprite,自动操作脚本
MiniAirways,游戏进程
战神剑启动器,私服进程
梦幻江南,私服进程
so2game.dat,私服进程
仙逆奇迹世界,私服进程
上古独立登录器,私服进程
伴侣助手无限制版,音频录制AI互动进程
启动脚本.exe,私服进程
dy-星河10,黑产进程
硬改直播伴侣,黑产进程
mmorpg_server,私服进程
天堂.exe,私服进程
抖音工具,黑产进程
二龙腾飞,私服进程
外挂指定.exe,私服进程
先启动服务器 再点我启动,私服进程
linghaoai,音频录制AI互动进程
RailWorks,游戏进程
欢庆天龙,私服进程
爱派石器,私服进程
新黑板,私服进程
拔了个罐换装舞台版,自动操作脚本
GM登录器,私服进程
TGABoxHeadless,安卓模拟器
xx.dll,音频录制AI互动进程
LiveMagicTool,音频录制AI互动进程
srs.exe,音频录制AI互动进程
云微客直播辅助工具,音频录制AI互动进程
云微客AI直播助手,音频录制AI互动进程
饕餮AI直播助手,音频录制AI互动进程
FenghuoAI,音频录制AI互动进程
PeiboAI,音频录制AI互动进程
WuKongAI,音频录制AI互动进程
HualianAI,音频录制AI互动进程
LinjingAI,音频录制AI互动进程
VALORANT-Win64-Shipping.exe,游戏进程
DeltaForceClient-Win64-Shipping.exe,游戏进程
Cities2.exe,游戏进程
r5apex.exe,游戏进程
ZhuxianClient-Win64-Shipping.exe,游戏进程
DreadHunger-Win64-Shipping.exe,游戏进程
theHunterCotW_F.exe,游戏进程
ItTakesTwo.exe,游戏进程
ff7rebirth_.exe,游戏进程
AiLiveClient,音频录制AI互动进程
幻音未来Ai,音频录制AI互动进程
话术生成器,音频录制AI互动进程
SCUM.exe,游戏进程
上号_2(2).exe,盗号进程
验号器,盗号进程
内部自动抓号.exe,盗号进程
抓号器,盗号进程
账号上传.sp.exe,盗号进程
上号_1.exe,盗号进程
知秋抓号0109.vmp.exe,盗号进程
抓号_1224.vmp.exe,盗号进程
全自动抓号11(2).exe,盗号进程
._cache_上号_1_050516.exe,盗号进程
上号_(3).exe,盗号进程
._cache_抓号_1(2).exe,盗号进程
抓号_1226.exe,盗号进程
上号_2(1).exe,盗号进程
自动抓号.exe,盗号进程
暗区自动抓号.exe,盗号进程
1_上号_.exe,盗号进程
全自动抓号11.exe,盗号进程
宁姚抓号23.exe,盗号进程
上号_2.exe,盗号进程
上号_(3)(1)(1).exe,盗号进程
抓号_1(1).exe,盗号进程
抓号,盗号进程
验号,盗号进程
自动抓,盗号进程
批量授权登录,盗号进程
账号上传,盗号进程
上号.exe,盗号进程
GAME_CHINA,私服进程
GAME_LARGE,私服进程
鼠键录制工具,自动操作脚本
可可影视,视频播放器进程
AutoMouse,自动操作脚本
聚禾AI直播助手,音频录制AI互动进程
饕餮AI直播助手,音频录制AI互动进程
AI助播软件,音频录制AI互动进程
changbo.exe,音频录制AI互动进程
Silkroad_Mangager,私服进程
新百战PC2,私服进程
经典武林,私服进程
GameClient88.bin,私服进程
yh_ml.exe,私服进程
无忧助手,私服进程
剑侠情缘.exe,私服进程
直播助手V,人机校验作弊进程
追忆三国,私服进程
凌天诛仙,私服进程
星辰诛仙,私服进程
MFCCef,音频录制AI互动进程
AutoHotkey,自动操作脚本
RPGMV.exe,私服进程
极限华夏,私服进程
ApowerMirror,手机投屏进程
PhotosApp.exe,视频播放器进程
SUPERBALL.exe,游戏进程
CompatTelRunner.exe,非脚本进程
FPSRunner.exe,非脚本进程
ra3_1.12.game,游戏进程
LeagueClientUx,游戏进程
Video.UI.exe,视频播放器进程
MyJourneyStory,游戏进程
登录端（右键管理员身份运行）,音频录制AI互动进程
ACShadows,游戏进程
SplitFiction,游戏进程
REPO.exe,游戏进程
Ai小黄鸭语音,音频录制AI互动进程
抖灵.exe,音频录制AI互动进程
Subway_Surfers,游戏进程
MTLive,伴侣进程
METAPHOR,游戏进程
搞直播-抖音推流码获取助手,串流作弊进程
抖音免费推流码软件,串流作弊进程
StandSurvivors,游戏进程
JustCause3,游戏进程
How 2 Escape,游戏进程
TaiAI.exe,音频录制AI互动进程
六耳猴AI,音频录制AI互动进程
七哥云AI,音频录制AI互动进程
闪电AI,音频录制AI互动进程
鹦鹉声AI,音频录制AI互动进程
粤昊云AI,音频录制AI互动进程
章鱼AI,音频录制AI互动进程
快乐刷.exe,音频录制AI互动进程
内部专用.exe,黑产进程
小小工具箱,音频录制AI互动进程
伴侣禁止更新,黑产进程
永久推流码,串流作弊进程
物理整蛊大师,弹幕爬取进程
键鼠大师.sp,自动操作脚本
victoria3,游戏进程
NeedForSpeed,游戏进程
A Little To The Left,游戏进程
天堂永恒,私服进程
LostCastle2,游戏进程
jizhibrowser,浏览器进程
CombatMaster,游戏进程
Builder Simulator,游戏进程
The Ultraman,自动操作脚本
七十二科技AI直播,黑产进程
撞撞乐,弹幕爬取进程
职望AI,音频录制AI互动进程
星月星月版,私服进程
定时喊话,音频录制AI互动进程
MPlayer.exe,视频播放器进程
Dfx_p7s.dll,私服进程
一点通（右键管理员身份打开）,音频录制AI互动进程
X-Zone.exe,游戏进程
NarakaBladepoint,游戏进程
AI语音.exe,音频录制AI互动进程
SlimeRancher2,游戏进程
江湖工具箱,音频录制AI互动进程
AcfunLive,伴侣进程
阿尔泰.exe,私服进程
Ai小西蒙鸭,音频录制AI互动进程
python13530,音频录制AI互动进程
voobly.exe,游戏进程
解放双手6.41m,私服进程
Windows ygjaxs.dll,私服进程
专用挂.exe,私服进程
阿拉德登录器,私服进程
ChatAI_Chrome,音频录制AI互动进程
通用定制工具,私服进程
池棠小荷.exe,私服进程
本机打开 Var0,游戏外挂作弊
右键管理员模式打开,黑产进程
闪避播放器,视频播放器进程
波数子弹跟踪植物无敌,自动操作脚本
智宝AI助手,音频录制AI互动进程
AI智能.exe,音频录制AI互动进程
python6007,音频录制AI互动进程
GacRunner,非脚本进程
怀旧西游,私服进程
播个够直播助手专业版,音频录制AI互动进程
DouyinLiving,音频录制AI互动进程
MT3.exe,私服进程
诛仙-南雨辅助,私服进程
AI直播助手1,音频录制AI互动进程
AI直播助手2,音频录制AI互动进程
伴侣阻断,黑产进程
SunBrowser,浏览器进程
苍穹诛仙,私服进程
六合登录器,私服进程
爱玩西游,私服进程
GameNew.exe,私服进程
ai-game-live,音频录制AI互动进程
aunny.dll,音频录制AI互动进程
拦截程序,黑产进程
冷却攻速子弹修改,自动操作脚本
AC(2).exe,游戏进程
D登陆器,私服进程
万剑归宗,私服进程
俄罗斯.exe,自动操作脚本
human.exe,音频录制AI互动进程
伴侣助手无限制版,黑产进程
怀旧养老,私服进程
Clicker.exe,自动操作脚本
禁伴侣,黑产进程
自由江湖全新登录器,私服进程
念旧惊天 开始游戏,私服进程
沧海华夏,私服进程
公益永恒,私服进程
逍遥江湖,私服进程
DisableAutoUpdatePlugin,黑产进程
小斗AI.exe,自动操作脚本
盘古西游,私服进程
ngrok,音频录制AI互动进程
夏都在线,私服进程
auto_verify,人机校验作弊进程
HelperPlayer,视频播放器进程
BoBuTing.AiAssistant,音频录制AI互动进程
勿删勿关,私服进程
tts.exe,音频录制AI互动进程
丝路启动器,私服进程
pc通用,盗号进程
过滤器,盗号进程
三角洲分大小过滤右键导出,盗号进程
覆盖版2,盗号进程
扫码整合工具,盗号进程
暗区过滤,盗号进程
zidongzhua,盗号进程
V586端,私服进程
无冷却叠加蘑菇免唤醒子弹类型修改,自动操作脚本
鼎盛天龙,私服进程
修罗武林,私服进程
绝世武林,私服进程
星辰武林,私服进程
妖妖武林,私服进程
和平精英扫号,盗号进程
海山正式登录器,私服进程
lunacher,私服进程
黑屏.exe,黑产进程
新版归队1,私服进程
西格玛公益,私服进程
Game Cheats Manager,游戏外挂作弊
伊利斯登录器,私服进程
龙蛇起舞登陆器,私服进程
LiblibAI,音频录制AI互动进程
laoliu.exe,弹幕爬取进程
ImflowAI,音频录制AI互动进程
心悦剑灵,私服进程
G_spot_1.76,私服进程
优料直播素材助手,视频播放器进程
HD_道友乐园登录器,私服进程
六十四位,私服进程
3.35钓鱼,私服进程
麒麟同步器,私服进程
烽火AI会员版,音频录制AI互动进程
天天直播游戏版,手机投屏进程
正常登录.exe,私服进程
游戏登录.exe,私服进程
启动自动登录.exe,私服进程
畅玩会员版,音频录制AI互动进程
可遇AI直播助手,音频录制AI互动进程
Ra2定制版鼠标连点器,非脚本进程
lyGame.exe,音频录制AI互动进程
启曜诛仙,私服进程
花雨书生端,私服进程
三界诛仙,私服进程
批量上号,盗号进程
BatmanAC,游戏进程
雷霆武林,私服进程
SailingEra,游戏进程
58X端,私服进程
君临诛仙,私服进程
自动鼠标And按键,自动操作脚本
过拖拽验证,人机校验作弊进程
EVPlayer,视频播放器进程
三角洲过滤,盗号进程
雪琪诛仙,私服进程
点我运行连点器,自动操作脚本
Management Rome,私服进程
HA.exe,音频录制AI互动进程
video-faker-manager,黑产进程
video-faker-manager,音频录制AI互动进程
重温旧梦,私服进程
cwmointor,音频录制AI互动进程
直播服登录器,私服进程
测试_1.0,盗号进程
启动程序.exe,音频录制AI互动进程
游仙社区登录器,私服进程
mpro.exe,音频录制AI互动进程
._cache_阻止,黑产进程
Fenix.exe,游戏进程
._cache_启动程序,音频录制AI互动进程
定制版启动程序,音频录制AI互动进程
AI启动程序,音频录制AI互动进程
剑灵卡刀宏,游戏外挂作弊
荣耀诛仙,私服进程
obs工具.exe,黑产进程
2bcac738e91060ddccd1012523f13f51,私服进程
LogonX64.bin,私服进程
一点通验证系统,音频录制AI互动进程
唯快智界版,私服进程
Assault.exe,游戏进程
毒舌电影,视频播放器进程
万国后台管理系统V,私服进程
!启动游戏.exe,私服进程
主神的召唤,私服进程
大雁塔.exe,私服进程
侠义江湖全新自动登录器,私服进程
无缝.exe,游戏外挂作弊
Game Capture3.0 4K BaoJe 911,手机投屏进程
逍遥语音助手,音频录制AI互动进程
深蓝诛仙,私服进程
九霄武林,私服进程
eve-online,游戏进程
书生刺客端,私服进程
九思诛仙,私服进程
Ai播助手,音频录制AI互动进程
畅玩AI企业版,音频录制AI互动进程
Windows.dll,音频录制AI互动进程
笑傲西游,私服进程
下一站江湖Ⅱ,游戏进程
explorers.dat,音频录制AI互动进程
星耀冒险岛,私服进程
荣誉之巅,私服进程
四职业五区,私服进程
幻梦西游,私服进程
伴侣助手1.06,黑产进程
风情5飞5公益服,私服进程
诛仙传.exe,私服进程
情怀单机测试专用,私服进程
175lscmm,私服进程
伊利丹简易登录器,私服进程
指定四叶草礼盒,游戏进程
武士.exe,私服进程
旧世界.exe,私服进程
独家魔兽,私服进程
伴侣助手,伴侣进程
Game Capture3.0 4K HDR BaoJe,手机投屏进程
新倩女幽魂Online,游戏进程
WRC.exe,游戏进程
完美魔方,私服进程
覆盖版,盗号进程
可移动大小版,盗号进程
XinSeerLauncher,游戏进程
iQIYI.exe,视频播放器进程
Volanta,游戏进程
Chants Of Sennaar,游戏进程
LegacyClone,游戏进程
星星河冒险岛,私服进程
星耀冒险岛,私服进程
童趣冒险岛,私服进程
踏天诛仙,私服进程
四季冒险岛,私服进程
时光诛仙270,私服进程
梦想天堂,私服进程
抖音阻止强制升级,黑产进程
huolongku,私服进程
HuyaMini,视频播放器进程
DouyuLive,视频播放器进程
simpro.exe,游戏进程
奥特曼打怪兽,弹幕爬取进程
vios.exe,私服进程
Fortitude,游戏进程
Shaiya.exe,私服进程
向往魔域,私服进程
BLBinling,音频录制AI互动进程
BLBinling,视频播放器进程
七十二科技集团版v,音频录制AI互动进程
game.dat,私服进程
ElementClient11,私服进程
外挂指定我.dat,私服进程
小蜜蜂4.,音频录制AI互动进程
登入器,私服进程
上帝视角,私服进程
烽火会员版v,音频录制AI互动进程
水神伊娃,私服进程
抖音综合工具,音频录制AI互动进程
点我打开驱动,私服进程
AudioPlayer,音频录制AI互动进程
douyin.exe,视频播放器进程
kwaiLive.exe,伴侣进程
